tmdb_id,nominee,year,festival,category,won,movie_title,,
30001,Akim Tamiroff,1944,Golden Globes,Best Supporting Actor,TRUE,For Whom the Bell Tolls,,
30002,Katina Paxinou,1944,Golden Globes,Best Supporting Actress,TRUE,For Whom the Bell Tolls,,
30003,Barry Fitzgerald,1945,Golden Globes,Best Supporting Actor,TRUE,Going My Way,,
30004,Agnes Moorehead,1945,Golden Globes,Best Supporting Actress,TRUE,Mrs. Parkington,,
30005,J. Carrol Naish,1946,Golden Globes,Best Supporting Actor,TRUE,A Medal for Benny,,
30006,Angela Lansbury,1946,Golden Globes,Best Supporting Actress,TRUE,The Picture of Dorian Gray,,
30007,Harold Russell,1947,Golden Globes,Best Supporting Actor,TRUE,The Best Years of Our Lives,,
30008,Anne Baxter,1947,Golden Globes,Best Supporting Actress,TRUE,The Razor's Edge,,
30009,Edmund Gwenn,1948,Golden Globes,Best Supporting Actor,TRUE,Miracle on 34th Street,,
30436,Nils Asther,1948,Golden Globes,Best Supporting Actor,FALSE,The Love of Sunya,,
30010,Celeste Holm,1948,Golden Globes,Best Supporting Actress,TRUE,Gentleman's Agreement,,
30011,Walter Huston,1949,Golden Globes,Best Supporting Actor,TRUE,The Treasure of the Sierra Madre,,
30437,Charles Bickford,1949,Golden Globes,Best Supporting Actor,FALSE,Johnny Belinda,,
30012,Ellen Corby,1949,Golden Globes,Best Supporting Actress,TRUE,I Remember Mama,,
30013,James Whitmore,1950,Golden Globes,Best Supporting Actor,TRUE,Battleground,,
30438,David Brian,1950,Golden Globes,Best Supporting Actor,FALSE,Intruder in the Dust,,
30014,Mercedes McCambridge,1950,Golden Globes,Best Supporting Actress,TRUE,All the King's Men,,
30439,Miriam Hopkins,1950,Golden Globes,Best Supporting Actress,FALSE,The Heiress,,
30015,Edmund Gwenn,1951,Golden Globes,Best Supporting Actor,TRUE,Mister 880,,
30440,George Sanders,1951,Golden Globes,Best Supporting Actor,FALSE,All About Eve,,
30441,Erich von Stroheim,1951,Golden Globes,Best Supporting Actor,FALSE,Sunset Boulevard,,
30016,Josephine Hull,1951,Golden Globes,Best Supporting Actress,TRUE,Harvey,,
30442,Judy Holliday,1951,Golden Globes,Best Supporting Actress,FALSE,Adam's Rib,,
30443,Thelma Ritter,1951,Golden Globes,Best Supporting Actress,FALSE,All About Eve,,
30017,Peter Ustinov,1952,Golden Globes,Best Supporting Actor,TRUE,Quo Vadis,,
30018,Kim Hunter,1952,Golden Globes,Best Supporting Actress,TRUE,A Streetcar Named Desire,,
30444,Lee Grant,1952,Golden Globes,Best Supporting Actress,FALSE,Detective Story,,
30445,Thelma Ritter,1952,Golden Globes,Best Supporting Actress,FALSE,The Mating Season,,
30019,Millard Mitchell,1953,Golden Globes,Best Supporting Actor,TRUE,My Six Convicts,,
30446,Kurt Kasznar,1953,Golden Globes,Best Supporting Actor,FALSE,The Happy Time,,
30447,Gilbert Roland,1953,Golden Globes,Best Supporting Actor,FALSE,The Bad and the Beautiful,,
30020,Katy Jurado,1953,Golden Globes,Best Supporting Actress,TRUE,High Noon,,
30448,Mildred Dunnock,1953,Golden Globes,Best Supporting Actress,FALSE,Viva Zapata!,,
30449,Gloria Grahame,1953,Golden Globes,Best Supporting Actress,TRUE,The Bad and the Beautiful,,
30021,Frank Sinatra,1954,Golden Globes,Best Supporting Actor,TRUE,From Here to Eternity,,
30450,Jack Palance,1954,Golden Globes,Best Supporting Actor,FALSE,Shane,,
30451,Robert Strauss,1954,Golden Globes,Best Supporting Actor,FALSE,Stalag 17,,
30022,Grace Kelly,1954,Golden Globes,Best Supporting Actress,TRUE,Mogambo,,
30023,Edmond O'Brien,1955,Golden Globes,Best Supporting Actor,TRUE,The Barefoot Contessa,,
30024,Jan Sterling,1955,Golden Globes,Best Supporting Actress,TRUE,The High and the Mighty,,
30025,Arthur Kennedy,1956,Golden Globes,Best Supporting Actor,TRUE,Trial,,
30026,Marisa Pavan,1956,Golden Globes,Best Supporting Actress,TRUE,The Rose Tattoo,,
30027,Earl Holliman,1957,Golden Globes,Best Supporting Actor,TRUE,The Rainmaker,,
30452,Eddie Albert,1957,Golden Globes,Best Supporting Actor,FALSE,The Teahouse of the August Moon,,
30453,Oscar Levant,1957,Golden Globes,Best Supporting Actor,FALSE,The Humorous Side of Love,,
30454,Anthony Quinn,1957,Golden Globes,Best Supporting Actor,FALSE,Lust for Life,,
30455,Eli Wallach,1957,Golden Globes,Best Supporting Actor,FALSE,Baby Doll,,
30028,Eileen Heckart,1957,Golden Globes,Best Supporting Actress,TRUE,The Bad Seed,,
30456,Mildred Dunnock,1957,Golden Globes,Best Supporting Actress,FALSE,Baby Doll,,
30457,Marjorie Main,1957,Golden Globes,Best Supporting Actress,FALSE,The Friendly Persuasion,,
30458,Dorothy Malone,1957,Golden Globes,Best Supporting Actress,FALSE,Written on the Wind,,
30459,Patty McCormack,1957,Golden Globes,Best Supporting Actress,FALSE,The Bad Seed,,
30029,Red Buttons,1958,Golden Globes,Best Supporting Actor,TRUE,Sayonara,,
30460,Lee J. Cobb,1958,Golden Globes,Best Supporting Actor,FALSE,Sayonara,,
30461,Sessue Hayakawa,1958,Golden Globes,Best Supporting Actor,FALSE,The Bridge on the River Kwai,,
30462,Nigel Patrick,1958,Golden Globes,Best Supporting Actor,FALSE,Raintree County,,
30463,Ed Wynn,1958,Golden Globes,Best Supporting Actor,FALSE,The Great Man,,
30030,Elsa Lanchester,1958,Golden Globes,Best Supporting Actress,TRUE,Witness for the Prosecution,,
30464,Mildred Natwick,1958,Golden Globes,Best Supporting Actress,FALSE,Tammy and the Bachelor,,
30465,Hope Lange,1958,Golden Globes,Best Supporting Actress,FALSE,Peyton Place,,
30466,Heather Sears,1958,Golden Globes,Best Supporting Actress,FALSE,The Story of Esther Costello,,
30467,Miyoshi Umeki,1958,Golden Globes,Best Supporting Actress,FALSE,Sayonara,,
30031,Burl Ives,1959,Golden Globes,Best Supporting Actor,TRUE,The Big Country,,
30468,Harry Guardino,1959,Golden Globes,Best Supporting Actor,FALSE,Houseboat,,
30469,David Ladd,1959,Golden Globes,Best Supporting Actor,FALSE,The Proud Rebel,,
30470,Gig Young,1959,Golden Globes,Best Supporting Actor,FALSE,Teacher's Pet,,
30471,Efrem Zimbalist Jr.,1959,Golden Globes,Best Supporting Actor,FALSE,Home Before Dark,,
30032,Hermione Gingold,1959,Golden Globes,Best Supporting Actress,TRUE,Gigi,,
30472,Peggy Cass,1959,Golden Globes,Best Supporting Actress,FALSE,Auntie Mame,,
30473,Wendy Hiller,1959,Golden Globes,Best Supporting Actress,FALSE,Separate Tables,,
30474,Maureen Stapleton,1959,Golden Globes,Best Supporting Actress,FALSE,Lonelyhearts,,
30033,Stephen Boyd,1960,Golden Globes,Best Supporting Actor,TRUE,Ben-Hur,,
30475,Fred Astaire,1960,Golden Globes,Best Supporting Actor,FALSE,On the Beach,,
30476,Tony Randall,1960,Golden Globes,Best Supporting Actor,FALSE,Pillow Talk,,
30477,Robert Vaughn,1960,Golden Globes,Best Supporting Actor,FALSE,The Young Philadelphians,,
30478,Joseph N. Welch,1960,Golden Globes,Best Supporting Actor,FALSE,Anatomy of a Murder,,
30034,Susan Kohner,1960,Golden Globes,Best Supporting Actress,TRUE,Imitation of Life,,
30479,Edith Evans,1960,Golden Globes,Best Supporting Actress,FALSE,The Nun's Story,,
30480,Estelle Hemsley,1960,Golden Globes,Best Supporting Actress,FALSE,Take a Giant Step,,
30481,Juanita Moore,1960,Golden Globes,Best Supporting Actress,FALSE,Imitation of Life,,
30482,Shelley Winters,1960,Golden Globes,Best Supporting Actress,FALSE,The Diary of Anne Frank,,
30035,Sal Mineo,1961,Golden Globes,Best Supporting Actor,TRUE,Exodus,,
30483,Lee Kinsolving,1961,Golden Globes,Best Supporting Actor,FALSE,The Dark at the Top of the Stairs,,
30484,Ray Strickland,1961,Golden Globes,Best Supporting Actor,FALSE,The Plunderers,,
30485,Woody Strode,1961,Golden Globes,Best Supporting Actor,FALSE,Spartacus,,
30486,Peter Ustinov,1961,Golden Globes,Best Supporting Actor,FALSE,Spartacus,,
30036,Janet Leigh,1961,Golden Globes,Best Supporting Actress,TRUE,Psycho,,
30487,Ina Balin,1961,Golden Globes,Best Supporting Actress,FALSE,From the Terrace,,
30488,Shirley Jones,1961,Golden Globes,Best Supporting Actress,FALSE,Elmer Gantry,,
30489,Shirley Knight,1961,Golden Globes,Best Supporting Actress,FALSE,The Dark at the Top of the Stairs,,
30490,Mary Ure,1961,Golden Globes,Best Supporting Actress,FALSE,Sons and Lovers,,
30037,George Chakiris,1962,Golden Globes,Best Supporting Actor,TRUE,West Side Story,,
30491,Montgomery Clift,1962,Golden Globes,Best Supporting Actor,FALSE,Judgment at Nuremberg,,
30492,Jackie Gleason,1962,Golden Globes,Best Supporting Actor,FALSE,The Hustler,,
30493,Tony Randall,1962,Golden Globes,Best Supporting Actor,FALSE,Lover Come Back,,
30494,George Segal,1962,Golden Globes,Best Supporting Actor,FALSE,The Young Doctors,,
30038,Rita Moreno,1962,Golden Globes,Best Supporting Actress,TRUE,West Side Story,,
30495,Fay Bainter,1962,Golden Globes,Best Supporting Actress,FALSE,The Children's Hour,,
30496,Judy Garland,1962,Golden Globes,Best Supporting Actress,FALSE,Judgment at Nuremberg,,
30497,Lotte Lenya,1962,Golden Globes,Best Supporting Actress,FALSE,The Roman Spring of Mrs. Stone,,
30498,Pamela Tiffin,1962,Golden Globes,Best Supporting Actress,FALSE,One, Two, Three
30039,Omar Sharif,1963,Golden Globes,Best Supporting Actor,TRUE,Lawrence of Arabia,,
30499,Ed Begley,1963,Golden Globes,Best Supporting Actor,FALSE,Sweet Bird of Youth,,
30500,Victor Buono,1963,Golden Globes,Best Supporting Actor,FALSE,What Ever Happened to Baby Jane?,,
30501,Harry Guardino,1963,Golden Globes,Best Supporting Actor,FALSE,The Pigeon That Took Rome,,
30502,Rossano Brazzi,1963,Golden Globes,Best Supporting Actor,FALSE,Light in the Piazza,,
30040,Angela Lansbury,1963,Golden Globes,Best Supporting Actress,TRUE,The Manchurian Candidate,,
30503,Patty Duke,1963,Golden Globes,Best Supporting Actress,FALSE,The Miracle Worker,,
30504,Hermione Gingold,1963,Golden Globes,Best Supporting Actress,FALSE,The Music Man,,
30505,Shirley Knight,1963,Golden Globes,Best Supporting Actress,FALSE,Sweet Bird of Youth,,
30506,Kay Stevens,1963,Golden Globes,Best Supporting Actress,FALSE,The Interns,,
30041,John Huston,1964,Golden Globes,Best Supporting Actor,TRUE,The Cardinal,,
30507,Lee J. Cobb,1964,Golden Globes,Best Supporting Actor,FALSE,Come Blow Your Horn,,
30508,Bobby Darin,1964,Golden Globes,Best Supporting Actor,FALSE,Captain Newman, M.D.,
30509,Hugh Griffith,1964,Golden Globes,Best Supporting Actor,FALSE,Tom Jones,,
30510,Gregory Walcott,1964,Golden Globes,Best Supporting Actor,FALSE,Captain Newman, M.D.,
30042,Margaret Rutherford,1964,Golden Globes,Best Supporting Actress,TRUE,The V.I.P.s,,
30511,Diane Cilento,1964,Golden Globes,Best Supporting Actress,FALSE,Tom Jones,,
30512,Edith Evans,1964,Golden Globes,Best Supporting Actress,FALSE,Tom Jones,,
30513,Linda Marsh,1964,Golden Globes,Best Supporting Actress,FALSE,America America,,
30514,Lilia Skala,1964,Golden Globes,Best Supporting Actress,FALSE,Lilies of the Field,,
30043,Edmond O'Brien,1965,Golden Globes,Best Supporting Actor,TRUE,Seven Days in May,,
30515,Cyril Delevanti,1965,Golden Globes,Best Supporting Actor,FALSE,The Night of the Iguana,,
30516,Stanley Holloway,1965,Golden Globes,Best Supporting Actor,FALSE,My Fair Lady,,
30517,Gilbert Roland,1965,Golden Globes,Best Supporting Actor,FALSE,Cheyenne Autumn,,
30518,Lee Tracy,1965,Golden Globes,Best Supporting Actor,FALSE,The Best Man,,
30044,Agnes Moorehead,1965,Golden Globes,Best Supporting Actress,TRUE,Hush...Hush, Sweet Charlotte,
30519,Elizabeth Ashley,1965,Golden Globes,Best Supporting Actress,FALSE,The Carpetbaggers,,
30520,Grayson Hall,1965,Golden Globes,Best Supporting Actress,FALSE,The Night of the Iguana,,
30521,Lila Kedrova,1965,Golden Globes,Best Supporting Actress,FALSE,Zorba the Greek,,
30522,Ann Sothern,1965,Golden Globes,Best Supporting Actress,FALSE,The Best Man,,
30045,Oskar Werner,1966,Golden Globes,Best Supporting Actor,TRUE,The Spy Who Came in from the Cold,,
30523,Red Buttons,1966,Golden Globes,Best Supporting Actor,FALSE,Harlow,,
30524,Frank Finlay,1966,Golden Globes,Best Supporting Actor,FALSE,Othello,,
30525,Hardy Krüger,1966,Golden Globes,Best Supporting Actor,FALSE,The Flight of the Phoenix,,
30526,Telly Savalas,1966,Golden Globes,Best Supporting Actor,FALSE,Battle of the Bulge,,
30046,Ruth Gordon,1966,Golden Globes,Best Supporting Actress,TRUE,Inside Daisy Clover,,
30527,Joan Blondell,1966,Golden Globes,Best Supporting Actress,FALSE,The Cincinnati Kid,,
30528,Joyce Redman,1966,Golden Globes,Best Supporting Actress,FALSE,Othello,,
30529,Thelma Ritter,1966,Golden Globes,Best Supporting Actress,FALSE,Boeing Boeing,,
30530,Peggy Wood,1966,Golden Globes,Best Supporting Actress,FALSE,The Sound of Music,,
30047,Richard Attenborough,1967,Golden Globes,Best Supporting Actor,TRUE,The Sand Pebbles,,
30531,Mako,1967,Golden Globes,Best Supporting Actor,FALSE,The Sand Pebbles,,
30532,John Cassavetes,1967,Golden Globes,Best Supporting Actor,FALSE,The Dirty Dozen,,
30533,Robert Morley,1967,Golden Globes,Best Supporting Actor,FALSE,Way...Way Out,,
30534,George Segal,1967,Golden Globes,Best Supporting Actor,FALSE,Who's Afraid of Virginia Woolf?,,
30048,Jocelyne LaGarde,1967,Golden Globes,Best Supporting Actress,TRUE,Hawaii,,
30535,Sandy Dennis,1967,Golden Globes,Best Supporting Actress,FALSE,Who's Afraid of Virginia Woolf?,,
30536,Vivien Merchant,1967,Golden Globes,Best Supporting Actress,FALSE,Alfie,,
30537,Geraldine Page,1967,Golden Globes,Best Supporting Actress,FALSE,You're a Big Boy Now,,
30538,Shelley Winters,1967,Golden Globes,Best Supporting Actress,FALSE,Alfie,,
30049,Richard Attenborough,1968,Golden Globes,Best Supporting Actor,TRUE,Doctor Dolittle,,
30539,Abram Koffman,1968,Golden Globes,Best Supporting Actor,FALSE,The Comedians,,
30540,George Kennedy,1968,Golden Globes,Best Supporting Actor,FALSE,Cool Hand Luke,,
30541,Efrem Zimbalist Jr.,1968,Golden Globes,Best Supporting Actor,FALSE,Wait Until Dark,,
30542,George Chakiris,1968,Golden Globes,Best Supporting Actor,FALSE,The Young Girls of Rochefort,,
30050,Carol Channing,1968,Golden Globes,Best Supporting Actress,TRUE,Thoroughly Modern Millie,,
30543,Quentin Dean,1968,Golden Globes,Best Supporting Actress,FALSE,In the Heat of the Night,,
30544,Lillian Gish,1968,Golden Globes,Best Supporting Actress,FALSE,The Comedians,,
30545,Lee Grant,1968,Golden Globes,Best Supporting Actress,FALSE,In the Heat of the Night,,
30546,Prunella Ransome,1968,Golden Globes,Best Supporting Actress,FALSE,Far from the Madding Crowd,,
30051,Daniel Massey,1969,Golden Globes,Best Supporting Actor,TRUE,Star!,,
30547,Beau Bridges,1969,Golden Globes,Best Supporting Actor,FALSE,For Love of Ivy,,
30548,Ossie Davis,1969,Golden Globes,Best Supporting Actor,FALSE,The Scalphunters,,
30549,Hugh Griffith,1969,Golden Globes,Best Supporting Actor,FALSE,Oliver!,,
30550,Martin Sheen,1969,Golden Globes,Best Supporting Actor,FALSE,The Subject Was Roses,,
30052,Ruth Gordon,1969,Golden Globes,Best Supporting Actress,TRUE,Rosemary's Baby,,
30551,Barbara Hancock,1969,Golden Globes,Best Supporting Actress,FALSE,Finian's Rainbow,,
30552,Abbey Lincoln,1969,Golden Globes,Best Supporting Actress,FALSE,For Love of Ivy,,
30553,Sondra Locke,1969,Golden Globes,Best Supporting Actress,FALSE,The Heart Is a Lonely Hunter,,
30554,Jane Merrow,1969,Golden Globes,Best Supporting Actress,FALSE,The Lion in Winter,,
30055,John Mills,1971,Golden Globes,Best Supporting Actor,TRUE,Ryan's Daughter,,
30555,Chief Dan George,1971,Golden Globes,Best Supporting Actor,FALSE,Little Big Man,,
30556,Trevor Howard,1971,Golden Globes,Best Supporting Actor,FALSE,Ryan's Daughter,,
30557,George Kennedy,1971,Golden Globes,Best Supporting Actor,FALSE,Airport,,
30558,John Marley,1971,Golden Globes,Best Supporting Actor,FALSE,Love Story,,
30056,Karen Black,1971,Golden Globes,Best Supporting Actress,TRUE,Five Easy Pieces,,
30056,Maureen Stapleton,1971,Golden Globes,Best Supporting Actress,TRUE,Airport,,
30559,Tina Chen,1971,Golden Globes,Best Supporting Actress,FALSE,The Hawaiians,,
30560,Lee Grant,1971,Golden Globes,Best Supporting Actress,FALSE,The Landlord,,
30561,Sally Kellerman,1971,Golden Globes,Best Supporting Actress,FALSE,M*A*S*H,,
30057,Ben Johnson,1972,Golden Globes,Best Supporting Actor,TRUE,The Last Picture Show,,
30562,Tom Baker,1972,Golden Globes,Best Supporting Actor,FALSE,Nicholas and Alexandra,,
30563,Art Garfunkel,1972,Golden Globes,Best Supporting Actor,FALSE,Carnal Knowledge,,
30564,Paul Mann,1972,Golden Globes,Best Supporting Actor,FALSE,Fiddler on the Roof,,
30565,Jan-Michael Vincent,1972,Golden Globes,Best Supporting Actor,FALSE,Going Home,,
30058,Ann-Margret,1972,Golden Globes,Best Supporting Actress,TRUE,Carnal Knowledge,,
30566,Ellen Burstyn,1972,Golden Globes,Best Supporting Actress,FALSE,The Last Picture Show,,
30567,Cloris Leachman,1972,Golden Globes,Best Supporting Actress,FALSE,The Last Picture Show,,
30568,Diana Rigg,1972,Golden Globes,Best Supporting Actress,FALSE,The Hospital,,
30569,Maureen Stapleton,1972,Golden Globes,Best Supporting Actress,FALSE,Plaza Suite,,
30059,Joel Grey,1973,Golden Globes,Best Supporting Actor,TRUE,Cabaret,,
30570,James Caan,1973,Golden Globes,Best Supporting Actor,FALSE,The Godfather,,
30571,James Coco,1973,Golden Globes,Best Supporting Actor,FALSE,Man of La Mancha,,
30572,Alec McCowen,1973,Golden Globes,Best Supporting Actor,FALSE,Travels with My Aunt,,
30573,Clive Revill,1973,Golden Globes,Best Supporting Actor,FALSE,Avanti!,,
30060,Shelley Winters,1973,Golden Globes,Best Supporting Actress,TRUE,The Poseidon Adventure,,
30574,Marisa Berenson,1973,Golden Globes,Best Supporting Actress,FALSE,Cabaret,,
30575,Jeannie Berlin,1973,Golden Globes,Best Supporting Actress,FALSE,The Heartbreak Kid,,
30576,Helena Kallianiotes,1973,Golden Globes,Best Supporting Actress,FALSE,Kansas City Bomber,,
30577,Geraldine Page,1973,Golden Globes,Best Supporting Actress,FALSE,Pete 'n' Tillie,,
30061,John Houseman,1974,Golden Globes,Best Supporting Actor,TRUE,The Paper Chase,,
30578,Martin Balsam,1974,Golden Globes,Best Supporting Actor,FALSE,Summer Wishes, Winter Dreams,
30579,Jack Gilford,1974,Golden Globes,Best Supporting Actor,FALSE,Save the Tiger,,
30580,Randy Quaid,1974,Golden Globes,Best Supporting Actor,FALSE,The Last Detail,,
30581,Max von Sydow,1974,Golden Globes,Best Supporting Actor,FALSE,The Exorcist,,
30062,Linda Blair,1974,Golden Globes,Best Supporting Actress,TRUE,The Exorcist,,
30582,Valentina Cortese,1974,Golden Globes,Best Supporting Actress,FALSE,Day for Night,,
30583,Madeline Kahn,1974,Golden Globes,Best Supporting Actress,FALSE,Paper Moon,,
30584,Kate Reid,1974,Golden Globes,Best Supporting Actress,FALSE,A Delicate Balance,,
30585,Sylvia Sidney,1974,Golden Globes,Best Supporting Actress,FALSE,Summer Wishes, Winter Dreams,
30063,Fred Astaire,1975,Golden Globes,Best Supporting Actor,TRUE,The Towering Inferno,,
30586,Bruce Dern,1975,Golden Globes,Best Supporting Actor,FALSE,The Great Gatsby,,
30587,Sam Waterston,1975,Golden Globes,Best Supporting Actor,FALSE,The Great Gatsby,,
30588,Eddie Albert,1975,Golden Globes,Best Supporting Actor,FALSE,The Longest Yard,,
30506,John Huston,1975,Golden Globes,Best Supporting Actor,FALSE,Chinatown,,
30064,Karen Black,1975,Golden Globes,Best Supporting Actress,TRUE,The Great Gatsby,,
30589,Beatrice Arthur,1975,Golden Globes,Best Supporting Actress,FALSE,Mame,,
30590,Jennifer Jones,1975,Golden Globes,Best Supporting Actress,FALSE,The Towering Inferno,,
30591,Madeline Kahn,1975,Golden Globes,Best Supporting Actress,FALSE,Young Frankenstein,,
30592,Diane Ladd,1975,Golden Globes,Best Supporting Actress,FALSE,Alice Doesn't Live Here Anymore,,
30065,Richard Benjamin,1976,Golden Globes,Best Supporting Actor,TRUE,The Sunshine Boys,,
30593,John Cazale,1976,Golden Globes,Best Supporting Actor,FALSE,Dog Day Afternoon,,
30594,Charles Durning,1976,Golden Globes,Best Supporting Actor,FALSE,Dog Day Afternoon,,
30595,Henry Gibson,1976,Golden Globes,Best Supporting Actor,FALSE,Nashville,,
30596,Burgess Meredith,1976,Golden Globes,Best Supporting Actor,FALSE,The Day of the Locust,,
30066,Brenda Vaccaro,1976,Golden Globes,Best Supporting Actress,TRUE,Once Is Not Enough,,
30597,Ronee Blakley,1976,Golden Globes,Best Supporting Actress,FALSE,Nashville,,
30598,Geraldine Chaplin,1976,Golden Globes,Best Supporting Actress,FALSE,Nashville,,
30599,Barbara Harris,1976,Golden Globes,Best Supporting Actress,FALSE,Nashville,,
30600,Lily Tomlin,1976,Golden Globes,Best Supporting Actress,FALSE,Nashville,,
30601,Lee Grant,1976,Golden Globes,Best Supporting Actress,FALSE,Shampoo,,
30067,Jason Robards,1977,Golden Globes,Best Supporting Actor,TRUE,All the President's Men,,
30602,Marty Feldman,1977,Golden Globes,Best Supporting Actor,FALSE,Silent Movie,,
30603,Ron Howard,1977,Golden Globes,Best Supporting Actor,FALSE,The Shootist,,
1833,Christopher Walken,1979,Golden Globes,Best Supporting Actor,FALSE,The Deer Hunter,,
30070,Vanessa Redgrave,1978,Golden Globes,Best Supporting Actress,TRUE,Julia,,
30604,Melinda Dillon,1978,Golden Globes,Best Supporting Actress,FALSE,Close Encounters of the Third Kind,,
30605,Tuesday Weld,1978,Golden Globes,Best Supporting Actress,FALSE,Looking for Mr. Goodbar,,
30606,Quinn Cummings,1978,Golden Globes,Best Supporting Actress,FALSE,The Goodbye Girl,,
30607,Leslie Browne,1978,Golden Globes,Best Supporting Actress,FALSE,The Turning Point,,
30071,John Hurt,1979,Golden Globes,Best Supporting Actor,TRUE,Midnight Express,,
30072,Dyan Cannon,1979,Golden Globes,Best Supporting Actress,TRUE,Heaven Can Wait,,
30608,Penelope Milford,1979,Golden Globes,Best Supporting Actress,FALSE,Coming Home,,
30609,Meryl Streep,1979,Golden Globes,Best Supporting Actress,FALSE,The Deer Hunter,,
30073,Melvyn Douglas,1980,Golden Globes,Best Supporting Actor,TRUE,Being There,,
30073,Robert Duvall,1980,Golden Globes,Best Supporting Actor,TRUE,Apocalypse Now,,
30074,Meryl Streep,1980,Golden Globes,Best Supporting Actress,TRUE,Kramer vs. Kramer,,
30075,Timothy Hutton,1981,Golden Globes,Best Supporting Actor,TRUE,Ordinary People,,
30076,Mary Steenburgen,1981,Golden Globes,Best Supporting Actress,TRUE,Melvin and Howard,,
30077,John Gielgud,1982,Golden Globes,Best Supporting Actor,TRUE,Arthur,,
30078,Joan Hackett,1982,Golden Globes,Best Supporting Actress,TRUE,Only When I Laugh,,
30079,Louis Gossett Jr.,1983,Golden Globes,Best Supporting Actor,TRUE,An Officer and a Gentleman,,
30080,Jessica Lange,1983,Golden Globes,Best Supporting Actress,TRUE,Tootsie,,
30081,Jack Nicholson,1984,Golden Globes,Best Supporting Actor,TRUE,Terms of Endearment,,
30082,Cher,1984,Golden Globes,Best Supporting Actress,TRUE,Silkwood,,
30083,Haing S. Ngor,1985,Golden Globes,Best Supporting Actor,TRUE,The Killing Fields,,
30084,Peggy Ashcroft,1985,Golden Globes,Best Supporting Actress,TRUE,A Passage to India,,
30085,Klaus Maria Brandauer,1986,Golden Globes,Best Supporting Actor,TRUE,Out of Africa,,
30086,Meg Tilly,1986,Golden Globes,Best Supporting Actress,TRUE,Agnes of God,,
30087,Tom Berenger,1987,Golden Globes,Best Supporting Actor,TRUE,Platoon,,
30088,Maggie Smith,1987,Golden Globes,Best Supporting Actress,TRUE,A Room with a View,,
30089,Sean Connery,1988,Golden Globes,Best Supporting Actor,TRUE,The Untouchables,,
30090,Olympia Dukakis,1988,Golden Globes,Best Supporting Actress,TRUE,Moonstruck,,
30091,Martin Landau,1989,Golden Globes,Best Supporting Actor,TRUE,Tucker: The Man and His Dream,,
30610,Alec Guinness,1989,Golden Globes,Best Supporting Actor,FALSE,Little Dorrit,,
30611,Dean Stockwell,1989,Golden Globes,Best Supporting Actor,FALSE,Married to the Mob,,
30612,Martin Balsam,1989,Golden Globes,Best Supporting Actor,FALSE,Running Scared,,
30581,Max von Sydow,1989,Golden Globes,Best Supporting Actor,FALSE,Pelle the Conqueror,,
30092,Sigourney Weaver,1989,Golden Globes,Best Supporting Actress,TRUE,Working Girl,,
30093,Denzel Washington,1990,Golden Globes,Best Supporting Actor,TRUE,Glory,,
30094,Julia Roberts,1990,Golden Globes,Best Supporting Actress,TRUE,Steel Magnolias,,
30103,Brad Pitt,1996,Golden Globes,Best Supporting Actor,TRUE,12 Monkeys,,
30105,Edward Norton,1997,Golden Globes,Best Supporting Actor,TRUE,Primal Fear,,
30107,Burt Reynolds,1998,Golden Globes,Best Supporting Actor,TRUE,Boogie Nights,,
30109,Ed Harris,1999,Golden Globes,Best Supporting Actor,TRUE,The Truman Show,,
30111,Tom Cruise,2000,Golden Globes,Best Supporting Actor,TRUE,Magnolia,,
30613,Michael Caine,2000,Golden Globes,Best Supporting Actor,FALSE,The Cider House Rules,,
30614,Michael Clarke Duncan,2000,Golden Globes,Best Supporting Actor,FALSE,The Green Mile,,
30615,Jude Law,2000,Golden Globes,Best Supporting Actor,FALSE,The Talented Mr. Ripley,,
30112,Angelina Jolie,2000,Golden Globes,Best Supporting Actress,TRUE,Girl, Interrupted,
30616,Cameron Diaz,2000,Golden Globes,Best Supporting Actress,FALSE,Being John Malkovich,,
30617,Catherine Keener,2000,Golden Globes,Best Supporting Actress,FALSE,Being John Malkovich,,
30618,Samantha Morton,2000,Golden Globes,Best Supporting Actress,FALSE,Sweet and Lowdown,,
30619,Natalie Portman,2000,Golden Globes,Best Supporting Actress,FALSE,Anywhere but Here,,
30113,Benicio del Toro,2001,Golden Globes,Best Supporting Actor,TRUE,Traffic,,
30620,Jeff Bridges,2001,Golden Globes,Best Supporting Actor,FALSE,The Contender,,
30621,Willem Dafoe,2001,Golden Globes,Best Supporting Actor,FALSE,Shadow of the Vampire,,
30622,Albert Finney,2001,Golden Globes,Best Supporting Actor,FALSE,Erin Brockovich,,
30623,Joaquin Phoenix,2001,Golden Globes,Best Supporting Actor,FALSE,Gladiator,,
30114,Kate Hudson,2001,Golden Globes,Best Supporting Actress,TRUE,Almost Famous,,
30624,Judi Dench,2001,Golden Globes,Best Supporting Actress,FALSE,Chocolat,,
30625,Frances McDormand,2001,Golden Globes,Best Supporting Actress,FALSE,Almost Famous,,
30626,Julie Walters,2001,Golden Globes,Best Supporting Actress,FALSE,Billy Elliot,,
30627,Catherine Zeta-Jones,2001,Golden Globes,Best Supporting Actress,FALSE,Traffic,,
30115,Jim Broadbent,2002,Golden Globes,Best Supporting Actor,TRUE,Iris,,
30628,Steve Buscemi,2002,Golden Globes,Best Supporting Actor,FALSE,Ghost World,,
30629,Hayden Christensen,2002,Golden Globes,Best Supporting Actor,FALSE,Life as a House,,
30630,Ben Kingsley,2002,Golden Globes,Best Supporting Actor,FALSE,Sexy Beast,,
30631,Jon Voight,2002,Golden Globes,Best Supporting Actor,FALSE,Ali,,
30116,Jennifer Connelly,2002,Golden Globes,Best Supporting Actress,TRUE,A Beautiful Mind,,
30632,Cameron Diaz,2002,Golden Globes,Best Supporting Actress,FALSE,Vanilla Sky,,
30633,Helen Mirren,2002,Golden Globes,Best Supporting Actress,FALSE,Gosford Park,,
30634,Maggie Smith,2002,Golden Globes,Best Supporting Actress,FALSE,Gosford Park,,
30635,Kate Winslet,2002,Golden Globes,Best Supporting Actress,FALSE,Iris,,
30117,Chris Cooper,2003,Golden Globes,Best Supporting Actor,TRUE,Adaptation.,,
30636,Ed Harris,2003,Golden Globes,Best Supporting Actor,FALSE,The Hours,,
30637,Paul Newman,2003,Golden Globes,Best Supporting Actor,FALSE,Road to Perdition,,
30638,John C. Reilly,2003,Golden Globes,Best Supporting Actor,FALSE,Chicago,,
30639,Dennis Quaid,2003,Golden Globes,Best Supporting Actor,FALSE,Far from Heaven,,
30118,Meryl Streep,2003,Golden Globes,Best Supporting Actress,TRUE,Adaptation.,,
30640,Kathy Bates,2003,Golden Globes,Best Supporting Actress,FALSE,About Schmidt,,
30641,Cameron Diaz,2003,Golden Globes,Best Supporting Actress,FALSE,Gangs of New York,,
30642,Queen Latifah,2003,Golden Globes,Best Supporting Actress,FALSE,Chicago,,
30643,Susan Sarandon,2003,Golden Globes,Best Supporting Actress,FALSE,Igby Goes Down,,
30119,Tim Robbins,2004,Golden Globes,Best Supporting Actor,TRUE,Mystic River,,
30644,Alec Baldwin,2004,Golden Globes,Best Supporting Actor,FALSE,The Cooler,,
30645,Albert Finney,2004,Golden Globes,Best Supporting Actor,FALSE,Big Fish,,
30646,Peter Sarsgaard,2004,Golden Globes,Best Supporting Actor,FALSE,Shattered Glass,,
30647,Ken Watanabe,2004,Golden Globes,Best Supporting Actor,FALSE,The Last Samurai,,
30120,Renée Zellweger,2004,Golden Globes,Best Supporting Actress,TRUE,Cold Mountain,,
30648,Maria Bello,2004,Golden Globes,Best Supporting Actress,FALSE,The Cooler,,
30649,Holly Hunter,2004,Golden Globes,Best Supporting Actress,FALSE,Thirteen,,
30650,Hope Davis,2004,Golden Globes,Best Supporting Actress,FALSE,American Splendor,,
30109,Clive Owen,2005,Golden Globes,Best Supporting Actor,TRUE,Closer,,
30651,David Carradine,2005,Golden Globes,Best Supporting Actor,FALSE,Kill Bill: Vol. 2,,
30652,Thomas Haden Church,2005,Golden Globes,Best Supporting Actor,FALSE,Sideways,,
30653,Jamie Foxx,2005,Golden Globes,Best Supporting Actor,FALSE,Collateral,,
30654,Morgan Freeman,2005,Golden Globes,Best Supporting Actor,FALSE,Million Dollar Baby,,
30121,Natalie Portman,2005,Golden Globes,Best Supporting Actress,TRUE,Closer,,
30655,Cate Blanchett,2005,Golden Globes,Best Supporting Actress,FALSE,The Aviator,,
30656,Laura Linney,2005,Golden Globes,Best Supporting Actress,FALSE,Kinsey,,
30657,Virginia Madsen,2005,Golden Globes,Best Supporting Actress,FALSE,Sideways,,
30118,Meryl Streep,2005,Golden Globes,Best Supporting Actress,FALSE,The Manchurian Candidate,,
30122,George Clooney,2006,Golden Globes,Best Supporting Actor,TRUE,Syriana,,
30658,Matt Dillon,2006,Golden Globes,Best Supporting Actor,FALSE,Crash,,
30659,Will Ferrell,2006,Golden Globes,Best Supporting Actor,FALSE,The Producers,,
30660,Paul Giamatti,2006,Golden Globes,Best Supporting Actor,FALSE,Cinderella Man,,
30661,Bob Hoskins,2006,Golden Globes,Best Supporting Actor,FALSE,Mrs. Henderson Presents,,
30123,Rachel Weisz,2006,Golden Globes,Best Supporting Actress,TRUE,The Constant Gardener,,
30662,Scarlett Johansson,2006,Golden Globes,Best Supporting Actress,FALSE,Match Point,,
30663,Shirley MacLaine,2006,Golden Globes,Best Supporting Actress,FALSE,In Her Shoes,,
30664,Frances McDormand,2006,Golden Globes,Best Supporting Actress,FALSE,North Country,,
30665,Michelle Williams,2006,Golden Globes,Best Supporting Actress,FALSE,Brokeback Mountain,,
30124,Eddie Murphy,2007,Golden Globes,Best Supporting Actor,TRUE,Dreamgirls,,
30666,Ben Affleck,2007,Golden Globes,Best Supporting Actor,FALSE,Hollywoodland,,
30667,Jack Nicholson,2007,Golden Globes,Best Supporting Actor,FALSE,The Departed,,
30668,Brad Pitt,2007,Golden Globes,Best Supporting Actor,FALSE,Babel,,
30669,Mark Wahlberg,2007,Golden Globes,Best Supporting Actor,FALSE,The Departed,,
30125,Jennifer Hudson,2007,Golden Globes,Best Supporting Actress,TRUE,Dreamgirls,,
30670,Adriana Barraza,2007,Golden Globes,Best Supporting Actress,FALSE,Babel,,
30655,Cate Blanchett,2007,Golden Globes,Best Supporting Actress,FALSE,Notes on a Scandal,,
30671,Emily Blunt,2007,Golden Globes,Best Supporting Actress,FALSE,The Devil Wears Prada,,
30672,Rinko Kikuchi,2007,Golden Globes,Best Supporting Actress,FALSE,Babel,,
30126,Javier Bardem,2008,Golden Globes,Best Supporting Actor,TRUE,No Country for Old Men,,
30673,Casey Affleck,2008,Golden Globes,Best Supporting Actor,FALSE,The Assassination of Jesse James,,
30674,Philip Seymour Hoffman,2008,Golden Globes,Best Supporting Actor,FALSE,Charlie Wilson's War,,
30675,John Travolta,2008,Golden Globes,Best Supporting Actor,FALSE,Hairspray,,
30099,Tommy Lee Jones,2008,Golden Globes,Best Supporting Actor,FALSE,No Country for Old Men,,
30127,Cate Blanchett,2008,Golden Globes,Best Supporting Actress,TRUE,I'm Not There,,
30676,Julia Roberts,2008,Golden Globes,Best Supporting Actress,FALSE,Charlie Wilson's War,,
30677,Saoirse Ronan,2008,Golden Globes,Best Supporting Actress,FALSE,Atonement,,
30678,Amy Adams,2008,Golden Globes,Best Supporting Actress,FALSE,Enchanted,,
30679,Tilda Swinton,2008,Golden Globes,Best Supporting Actress,FALSE,Michael Clayton,,
30128,Heath Ledger,2009,Golden Globes,Best Supporting Actor,TRUE,The Dark Knight,,
30680,Tom Cruise,2009,Golden Globes,Best Supporting Actor,FALSE,Tropic Thunder,,
30681,Robert Downey Jr.,2009,Golden Globes,Best Supporting Actor,FALSE,Tropic Thunder,,
30674,Philip Seymour Hoffman,2009,Golden Globes,Best Supporting Actor,FALSE,Doubt,,
30115,Jim Broadbent,2009,Golden Globes,Best Supporting Actor,FALSE,The Damned United,,
30129,Kate Winslet,2009,Golden Globes,Best Supporting Actress,TRUE,The Reader,,
30678,Amy Adams,2009,Golden Globes,Best Supporting Actress,FALSE,Doubt,,
30682,Penélope Cruz,2009,Golden Globes,Best Supporting Actress,FALSE,Vicky Cristina Barcelona,,
30683,Viola Davis,2009,Golden Globes,Best Supporting Actress,FALSE,Doubt,,
30684,Marisa Tomei,2009,Golden Globes,Best Supporting Actress,FALSE,The Wrestler,,
30130,Christoph Waltz,2010,Golden Globes,Best Supporting Actor,TRUE,Inglourious Basterds,,
30685,Matt Damon,2010,Golden Globes,Best Supporting Actor,FALSE,Invictus,,
30686,Woody Harrelson,2010,Golden Globes,Best Supporting Actor,FALSE,The Messenger,,
30687,Christopher Plummer,2010,Golden Globes,Best Supporting Actor,FALSE,The Last Station,,
30688,Stanley Tucci,2010,Golden Globes,Best Supporting Actor,FALSE,The Lovely Bones,,
30131,Mo'Nique,2010,Golden Globes,Best Supporting Actress,TRUE,Precious,,
30689,Vera Farmiga,2010,Golden Globes,Best Supporting Actress,FALSE,Up in the Air,,
30690,Anna Kendrick,2010,Golden Globes,Best Supporting Actress,FALSE,Up in the Air,,
30691,Penélope Cruz,2010,Golden Globes,Best Supporting Actress,FALSE,Nine,,
30692,Julianne Moore,2010,Golden Globes,Best Supporting Actress,FALSE,A Single Man,,
30132,Christian Bale,2011,Golden Globes,Best Supporting Actor,TRUE,The Fighter,,
30693,Michael Douglas,2011,Golden Globes,Best Supporting Actor,FALSE,Wall Street: Money Never Sleeps,,
30694,Andrew Garfield,2011,Golden Globes,Best Supporting Actor,FALSE,The Social Network,,
30695,Jeremy Renner,2011,Golden Globes,Best Supporting Actor,FALSE,The Town,,
30115,Geoffrey Rush,2011,Golden Globes,Best Supporting Actor,FALSE,The King's Speech,,
30133,Melissa Leo,2011,Golden Globes,Best Supporting Actress,TRUE,The Fighter,,
30678,Amy Adams,2011,Golden Globes,Best Supporting Actress,FALSE,The Fighter,,
30696,Helena Bonham Carter,2011,Golden Globes,Best Supporting Actress,FALSE,The King's Speech,,
30697,Mila Kunis,2011,Golden Globes,Best Supporting Actress,FALSE,Black Swan,,
30698,Jacki Weaver,2011,Golden Globes,Best Supporting Actress,FALSE,Animal Kingdom,,
30134,Christopher Plummer,2012,Golden Globes,Best Supporting Actor,TRUE,Beginners,,
30699,Kenneth Branagh,2012,Golden Globes,Best Supporting Actor,FALSE,My Week with Marilyn,,
30700,Jonah Hill,2012,Golden Globes,Best Supporting Actor,FALSE,Moneyball,,
30701,Viggo Mortensen,2012,Golden Globes,Best Supporting Actor,FALSE,A Dangerous Method,,
30674,Philip Seymour Hoffman,2012,Golden Globes,Best Supporting Actor,FALSE,The Ides of March,,
30135,Octavia Spencer,2012,Golden Globes,Best Supporting Actress,TRUE,The Help,,
30702,Jessica Chastain,2012,Golden Globes,Best Supporting Actress,FALSE,The Help,,
30703,Bérénice Bejo,2012,Golden Globes,Best Supporting Actress,FALSE,The Artist,,
30704,Janet McTeer,2012,Golden Globes,Best Supporting Actress,FALSE,Albert Nobbs,,
30705,Shailene Woodley,2012,Golden Globes,Best Supporting Actress,FALSE,The Descendants,,
30130,Christoph Waltz,2013,Golden Globes,Best Supporting Actor,TRUE,Django Unchained,,
30644,Alan Arkin,2013,Golden Globes,Best Supporting Actor,FALSE,Argo,,
30706,Leonardo DiCaprio,2013,Golden Globes,Best Supporting Actor,FALSE,Django Unchained,,
30674,Philip Seymour Hoffman,2013,Golden Globes,Best Supporting Actor,FALSE,The Master,,
30099,Tommy Lee Jones,2013,Golden Globes,Best Supporting Actor,FALSE,Lincoln,,
30136,Anne Hathaway,2013,Golden Globes,Best Supporting Actress,TRUE,Les Misérables,,
30678,Amy Adams,2013,Golden Globes,Best Supporting Actress,FALSE,The Master,,
30707,Sally Field,2013,Golden Globes,Best Supporting Actress,FALSE,Lincoln,,
30708,Helen Hunt,2013,Golden Globes,Best Supporting Actress,FALSE,The Sessions,,
30698,Jacki Weaver,2013,Golden Globes,Best Supporting Actress,FALSE,Silver Linings Playbook,,
30137,Jared Leto,2014,Golden Globes,Best Supporting Actor,TRUE,Dallas Buyers Club,,
30709,Barkhad Abdi,2014,Golden Globes,Best Supporting Actor,FALSE,Captain Phillips,,
30710,Daniel Brühl,2014,Golden Globes,Best Supporting Actor,FALSE,Rush,,
30711,Bradley Cooper,2014,Golden Globes,Best Supporting Actor,FALSE,American Hustle,,
30712,Michael Fassbender,2014,Golden Globes,Best Supporting Actor,FALSE,12 Years a Slave,,
30094,Jennifer Lawrence,2014,Golden Globes,Best Supporting Actress,TRUE,American Hustle,,
30713,Lupita Nyong'o,2014,Golden Globes,Best Supporting Actress,FALSE,12 Years a Slave,,
30676,Julia Roberts,2014,Golden Globes,Best Supporting Actress,FALSE,August: Osage County,,
30714,Sally Hawkins,2014,Golden Globes,Best Supporting Actress,FALSE,Blue Jasmine,,
30715,June Squibb,2014,Golden Globes,Best Supporting Actress,FALSE,Nebraska,,
30138,J.K. Simmons,2015,Golden Globes,Best Supporting Actor,TRUE,Whiplash,,
30716,Robert Duvall,2015,Golden Globes,Best Supporting Actor,FALSE,The Judge,,
30717,Ethan Hawke,2015,Golden Globes,Best Supporting Actor,FALSE,Boyhood,,
30718,Edward Norton,2015,Golden Globes,Best Supporting Actor,FALSE,Birdman,,
30719,Mark Ruffalo,2015,Golden Globes,Best Supporting Actor,FALSE,Foxcatcher,,
30139,Patricia Arquette,2015,Golden Globes,Best Supporting Actress,TRUE,Boyhood,,
30720,Jessica Chastain,2015,Golden Globes,Best Supporting Actress,FALSE,A Most Violent Year,,
30721,Keira Knightley,2015,Golden Globes,Best Supporting Actress,FALSE,The Imitation Game,,
30722,Emma Stone,2015,Golden Globes,Best Supporting Actress,FALSE,Birdman,,
30118,Meryl Streep,2015,Golden Globes,Best Supporting Actress,FALSE,Into the Woods,,
30140,Sylvester Stallone,2016,Golden Globes,Best Supporting Actor,TRUE,Creed,,
30723,Paul Dano,2016,Golden Globes,Best Supporting Actor,FALSE,Love & Mercy,,
30724,Idris Elba,2016,Golden Globes,Best Supporting Actor,FALSE,Beasts of No Nation,,
30725,Mark Rylance,2016,Golden Globes,Best Supporting Actor,FALSE,Bridge of Spies,,
30726,Michael Shannon,2016,Golden Globes,Best Supporting Actor,FALSE,99 Homes,,
30129,Kate Winslet,2016,Golden Globes,Best Supporting Actress,TRUE,Steve Jobs,,
30727,Jane Fonda,2016,Golden Globes,Best Supporting Actress,FALSE,Youth,,
30728,Jennifer Jason Leigh,2016,Golden Globes,Best Supporting Actress,FALSE,The Hateful Eight,,
30729,Helen Mirren,2016,Golden Globes,Best Supporting Actress,FALSE,Trumbo,,
30730,Alicia Vikander,2016,Golden Globes,Best Supporting Actress,FALSE,Ex Machina,,
30141,Aaron Taylor-Johnson,2017,Golden Globes,Best Supporting Actor,TRUE,Nocturnal Animals,,
30731,Mahershala Ali,2017,Golden Globes,Best Supporting Actor,FALSE,Moonlight,,
30732,Jeff Bridges,2017,Golden Globes,Best Supporting Actor,FALSE,Hell or High Water,,
30733,Simon Helberg,2017,Golden Globes,Best Supporting Actor,FALSE,Florence Foster Jenkins,,
30734,Dev Patel,2017,Golden Globes,Best Supporting Actor,FALSE,Lion,,
30142,Viola Davis,2017,Golden Globes,Best Supporting Actress,TRUE,Fences,,
30735,Naomie Harris,2017,Golden Globes,Best Supporting Actress,FALSE,Moonlight,,
30736,Nicole Kidman,2017,Golden Globes,Best Supporting Actress,FALSE,Lion,,
30135,Octavia Spencer,2017,Golden Globes,Best Supporting Actress,FALSE,Hidden Figures,,
30665,Michelle Williams,2017,Golden Globes,Best Supporting Actress,FALSE,Manchester by the Sea,,
30143,Sam Rockwell,2018,Golden Globes,Best Supporting Actor,TRUE,Three Billboards Outside Ebbing, Missouri,
30621,Willem Dafoe,2018,Golden Globes,Best Supporting Actor,FALSE,The Florida Project,,
30737,Armie Hammer,2018,Golden Globes,Best Supporting Actor,FALSE,Call Me by Your Name,,
30738,Richard Jenkins,2018,Golden Globes,Best Supporting Actor,FALSE,The Shape of Water,,
30687,Christopher Plummer,2018,Golden Globes,Best Supporting Actor,FALSE,All the Money in the World,,
30144,Allison Janney,2018,Golden Globes,Best Supporting Actress,TRUE,I, Tonya,
30739,Mary J. Blige,2018,Golden Globes,Best Supporting Actress,FALSE,Mudbound,,
30740,Hong Chau,2018,Golden Globes,Best Supporting Actress,FALSE,Downsizing,,
30741,Laurie Metcalf,2018,Golden Globes,Best Supporting Actress,FALSE,Lady Bird,,
30135,Octavia Spencer,2018,Golden Globes,Best Supporting Actress,FALSE,The Shape of Water,,
30145,Mahershala Ali,2019,Golden Globes,Best Supporting Actor,TRUE,Green Book,,
30742,Timothée Chalamet,2019,Golden Globes,Best Supporting Actor,FALSE,Beautiful Boy,,
30743,Adam Driver,2019,Golden Globes,Best Supporting Actor,FALSE,BlacKkKlansman,,
30744,Richard E. Grant,2019,Golden Globes,Best Supporting Actor,FALSE,Can You Ever Forgive Me?,,
30745,Sam Elliott,2019,Golden Globes,Best Supporting Actor,FALSE,A Star Is Born,,
30146,Regina King,2019,Golden Globes,Best Supporting Actress,TRUE,If Beale Street Could Talk,,
30678,Amy Adams,2019,Golden Globes,Best Supporting Actress,FALSE,Vice,,
30746,Claire Foy,2019,Golden Globes,Best Supporting Actress,FALSE,First Man,,
30747,Emma Stone,2019,Golden Globes,Best Supporting Actress,FALSE,The Favourite,,
30123,Rachel Weisz,2019,Golden Globes,Best Supporting Actress,FALSE,The Favourite,,
30147,Brad Pitt,2020,Golden Globes,Best Supporting Actor,TRUE,Once Upon a Time in Hollywood,,
30748,Tom Hanks,2020,Golden Globes,Best Supporting Actor,FALSE,A Beautiful Day in the Neighborhood,,
30749,Anthony Hopkins,2020,Golden Globes,Best Supporting Actor,FALSE,The Two Popes,,
30278,Al Pacino,2020,Golden Globes,Best Supporting Actor,FALSE,The Irishman,,
30096,Joe Pesci,2020,Golden Globes,Best Supporting Actor,FALSE,The Irishman,,
30148,Laura Dern,2020,Golden Globes,Best Supporting Actress,TRUE,Marriage Story,,
30640,Kathy Bates,2020,Golden Globes,Best Supporting Actress,FALSE,Richard Jewell,,
30750,Annette Bening,2020,Golden Globes,Best Supporting Actress,FALSE,The Report,,
30751,Jennifer Lopez,2020,Golden Globes,Best Supporting Actress,FALSE,Hustlers,,
30752,Margot Robbie,2020,Golden Globes,Best Supporting Actress,FALSE,Bombshell,,
30149,Daniel Kaluuya,2021,Golden Globes,Best Supporting Actor,TRUE,Judas and the Black Messiah,,
30753,Sacha Baron Cohen,2021,Golden Globes,Best Supporting Actor,FALSE,The Trial of the Chicago 7,,
30754,Jared Leto,2021,Golden Globes,Best Supporting Actor,FALSE,The Little Things,,
30755,Bill Murray,2021,Golden Globes,Best Supporting Actor,FALSE,On the Rocks,,
30756,Leslie Odom Jr.,2021,Golden Globes,Best Supporting Actor,FALSE,One Night in Miami...,,
30150,Jodie Foster,2021,Golden Globes,Best Supporting Actress,TRUE,The Mauritanian,,
30082,Glenn Close,2021,Golden Globes,Best Supporting Actress,FALSE,Hillbilly Elegy,,
30757,Olivia Colman,2021,Golden Globes,Best Supporting Actress,FALSE,The Father,,
30758,Amanda Seyfried,2021,Golden Globes,Best Supporting Actress,FALSE,Mank,,
30759,Helena Zengel,2021,Golden Globes,Best Supporting Actress,FALSE,News of the World,,
30151,Kodi Smit-McPhee,2022,Golden Globes,Best Supporting Actor,TRUE,The Power of the Dog,,
30760,Ben Affleck,2022,Golden Globes,Best Supporting Actor,FALSE,The Tender Bar,,
30761,Jamie Dornan,2022,Golden Globes,Best Supporting Actor,FALSE,Belfast,,
30762,Ciarán Hinds,2022,Golden Globes,Best Supporting Actor,FALSE,Belfast,,
30763,Troy Kotsur,2022,Golden Globes,Best Supporting Actor,FALSE,CODA,,
30152,Ariana DeBose,2022,Golden Globes,Best Supporting Actress,TRUE,West Side Story,,
30655,Cate Blanchett,2022,Golden Globes,Best Supporting Actress,FALSE,Nightmare Alley,,
30764,Kirsten Dunst,2022,Golden Globes,Best Supporting Actress,FALSE,The Power of the Dog,,
30765,Aunjanue Ellis,2022,Golden Globes,Best Supporting Actress,FALSE,King Richard,,
30766,Ruth Negga,2022,Golden Globes,Best Supporting Actress,FALSE,Passing,,
30153,Ke Huy Quan,2023,Golden Globes,Best Supporting Actor,TRUE,Everything Everywhere All at Once,,
30767,Brendan Gleeson,2023,Golden Globes,Best Supporting Actor,FALSE,The Banshees of Inisherin,,
30768,Barry Keoghan,2023,Golden Globes,Best Supporting Actor,FALSE,The Banshees of Inisherin,,
30711,Brad Pitt,2023,Golden Globes,Best Supporting Actor,FALSE,Babylon,,
30718,Eddie Redmayne,2023,Golden Globes,Best Supporting Actor,FALSE,The Good Nurse,,
30146,Angela Bassett,2023,Golden Globes,Best Supporting Actress,TRUE,Black Panther: Wakanda Forever,,
30769,Kerry Condon,2023,Golden Globes,Best Supporting Actress,FALSE,The Banshees of Inisherin,,
30770,Jamie Lee Curtis,2023,Golden Globes,Best Supporting Actress,FALSE,Everything Everywhere All at Once,,
30771,Dolly de Leon,2023,Golden Globes,Best Supporting Actress,FALSE,Triangle of Sadness,,
30772,Carey Mulligan,2023,Golden Globes,Best Supporting Actress,FALSE,She Said,,
30154,Robert Downey Jr.,2024,Golden Globes,Best Supporting Actor,TRUE,Oppenheimer,,
30621,Willem Dafoe,2024,Golden Globes,Best Supporting Actor,FALSE,Poor Things,,
30278,Robert De Niro,2024,Golden Globes,Best Supporting Actor,FALSE,Killers of the Flower Moon,,
30773,Ryan Gosling,2024,Golden Globes,Best Supporting Actor,FALSE,Barbie,,
30774,Charles Melton,2024,Golden Globes,Best Supporting Actor,FALSE,May December,,
30719,Mark Ruffalo,2024,Golden Globes,Best Supporting Actor,FALSE,Poor Things,,
30155,Da'Vine Joy Randolph,2024,Golden Globes,Best Supporting Actress,TRUE,The Holdovers,,
30722,Emma Stone,2024,Golden Globes,Best Supporting Actress,FALSE,Poor Things,,
30775,Danielle Brooks,2024,Golden Globes,Best Supporting Actress,FALSE,The Color Purple,,
30776,Julianne Moore,2024,Golden Globes,Best Supporting Actress,FALSE,May December,,
30777,Rosamund Pike,2024,Golden Globes,Best Supporting Actress,FALSE,Saltburn,,
30778,Jodie Foster,2024,Golden Globes,Best Supporting Actress,FALSE,Nyad,,
30156,Kieran Culkin,2025,Golden Globes,Best Supporting Actor,TRUE,A Real Pain,,
30413,Yuriy Borisov,2025,Golden Globes,Best Supporting Actor,FALSE,Anora,,
30414,Edward Norton,2025,Golden Globes,Best Supporting Actor,FALSE,A Complete Unknown,,
30415,Guy Pearce,2025,Golden Globes,Best Supporting Actor,FALSE,The Brutalist,,
30416,Jeremy Strong,2025,Golden Globes,Best Supporting Actor,FALSE,The Apprentice,,
30417,Denzel Washington,2025,Golden Globes,Best Supporting Actor,FALSE,Gladiator II,,
30157,Zoe Saldaña,2025,Golden Globes,Best Supporting Actress,TRUE,Emilia Pérez,,
30419,Selena Gomez,2025,Golden Globes,Best Supporting Actress,FALSE,Emilia Pérez,,
30420,Ariana Grande,2025,Golden Globes,Best Supporting Actress,FALSE,Wicked,,
30421,Felicity Jones,2025,Golden Globes,Best Supporting Actress,FALSE,The Brutalist,,
30422,Margaret Qualley,2025,Golden Globes,Best Supporting Actress,FALSE,The Substance,,
30423,Isabella Rossellini,2025,Golden Globes,Best Supporting Actress,FALSE,Conclave,,
30158,Stellan Skarsgård,2026,Golden Globes,Best Supporting Actor,TRUE,Sentimental Value,,
30424,Benicio del Toro,2026,Golden Globes,Best Supporting Actor,FALSE,One Battle After Another,,
30425,Jacob Elordi,2026,Golden Globes,Best Supporting Actor,FALSE,Frankenstein,,
30427,Paul Mescal,2026,Golden Globes,Best Supporting Actor,FALSE,Hamnet,,
30428,Sean Penn,2026,Golden Globes,Best Supporting Actor,FALSE,One Battle After Another,,
30426,Adam Sandler,2026,Golden Globes,Best Supporting Actor,FALSE,Jay Kelly,,
30430,Teyana Taylor,2026,Golden Globes,Best Supporting Actress,TRUE,One Battle After Another,,
30433,Emily Blunt,2026,Golden Globes,Best Supporting Actress,FALSE,The Smashing Machine,,
30435,Elle Fanning,2026,Golden Globes,Best Supporting Actress,FALSE,Sentimental Value,,
30432,Ariana Grande,2026,Golden Globes,Best Supporting Actress,FALSE,Wicked: For Good,,
30779,Inga Ibsdotter Lilleaas,2026,Golden Globes,Best Supporting Actress,FALSE,Sentimental Value,,
30434,Amy Madigan,2026,Golden Globes,Best Supporting Actress,FALSE,Weapons,,
30096,Jack Palance,1991,Golden Globes,Best Supporting Actor,TRUE,City Slickers,,
30440,Ned Beatty,1991,Golden Globes,Best Supporting Actor,FALSE,Hear My Song,,
30441,John Goodman,1991,Golden Globes,Best Supporting Actor,FALSE,Barton Fink,,
30442,Harvey Keitel,1991,Golden Globes,Best Supporting Actor,FALSE,Bugsy,,
30443,Ben Kingsley,1991,Golden Globes,Best Supporting Actor,FALSE,Bugsy,,
30151,Whoopi Goldberg,1991,Golden Globes,Best Supporting Actress,TRUE,Ghost,,
30444,Lorraine Bracco,1991,Golden Globes,Best Supporting Actress,FALSE,GoodFellas,,
30445,Diane Ladd,1991,Golden Globes,Best Supporting Actress,FALSE,Wild at Heart,,
30446,Shirley MacLaine,1991,Golden Globes,Best Supporting Actress,FALSE,Postcards from the Edge,,
30447,Mary McDonnell,1991,Golden Globes,Best Supporting Actress,FALSE,Dances with Wolves,,
30081,Jack Nicholson,1992,Golden Globes,Best Supporting Actor,TRUE,A Few Good Men,,
30448,Gene Hackman,1992,Golden Globes,Best Supporting Actor,FALSE,Unforgiven,,
30449,Chris O'Donnell,1992,Golden Globes,Best Supporting Actor,FALSE,Scent of a Woman,,
30450,Al Pacino,1992,Golden Globes,Best Supporting Actor,FALSE,Glengarry Glen Ross,,
30451,David Paymer,1992,Golden Globes,Best Supporting Actor,FALSE,Mr. Saturday Night,,
30097,Mercedes Ruehl,1992,Golden Globes,Best Supporting Actress,TRUE,The Fisher King,,
30452,Geraldine Chaplin,1992,Golden Globes,Best Supporting Actress,FALSE,Chaplin,,
30453,Jessica Lange,1992,Golden Globes,Best Supporting Actress,FALSE,O Pioneers!,,
30454,Miranda Richardson,1992,Golden Globes,Best Supporting Actress,FALSE,Enchanted April,,
30455,Alfre Woodard,1992,Golden Globes,Best Supporting Actress,FALSE,Passion Fish,,
30018,Gene Hackman,1993,Golden Globes,Best Supporting Actor,TRUE,Unforgiven,,
30456,Leonardo DiCaprio,1993,Golden Globes,Best Supporting Actor,FALSE,What's Eating Gilbert Grape,,
30457,Ralph Fiennes,1993,Golden Globes,Best Supporting Actor,FALSE,Schindler's List,,
30458,Sean Penn,1993,Golden Globes,Best Supporting Actor,FALSE,Carlito's Way,,
30459,John Malkovich,1993,Golden Globes,Best Supporting Actor,FALSE,In the Line of Fire,,
30098,Joan Plowright,1993,Golden Globes,Best Supporting Actress,TRUE,Enchanted April,,
30460,Penelope Ann Miller,1993,Golden Globes,Best Supporting Actress,FALSE,Carlito's Way,,
30461,Anna Paquin,1993,Golden Globes,Best Supporting Actress,FALSE,The Piano,,
30462,Winona Ryder,1993,Golden Globes,Best Supporting Actress,FALSE,The Age of Innocence,,
30463,Emma Thompson,1993,Golden Globes,Best Supporting Actress,FALSE,In the Name of the Father,,
30099,Tommy Lee Jones,1994,Golden Globes,Best Supporting Actor,TRUE,The Fugitive,,
30464,Kevin Bacon,1994,Golden Globes,Best Supporting Actor,FALSE,The River Wild,,
30465,Samuel L. Jackson,1994,Golden Globes,Best Supporting Actor,FALSE,Pulp Fiction,,
30466,John Turturro,1994,Golden Globes,Best Supporting Actor,FALSE,Quiz Show,,
30467,Gary Sinise,1994,Golden Globes,Best Supporting Actor,FALSE,Forrest Gump,,
30100,Winona Ryder,1994,Golden Globes,Best Supporting Actress,TRUE,The Age of Innocence,,
30468,Kirsten Dunst,1994,Golden Globes,Best Supporting Actress,FALSE,Interview with the Vampire,,
30469,Sophia Loren,1994,Golden Globes,Best Supporting Actress,FALSE,Prêt-à-Porter,,
30470,Uma Thurman,1994,Golden Globes,Best Supporting Actress,FALSE,Pulp Fiction,,
30471,Robin Wright,1994,Golden Globes,Best Supporting Actress,FALSE,Forrest Gump,,
30101,Martin Landau,1995,Golden Globes,Best Supporting Actor,TRUE,Ed Wood,,
30472,John Leguizamo,1995,Golden Globes,Best Supporting Actor,FALSE,To Wong Foo, Thanks for Everything! Julie Newmar,
30473,Kevin Spacey,1995,Golden Globes,Best Supporting Actor,FALSE,The Usual Suspects,,
30474,Tim Roth,1995,Golden Globes,Best Supporting Actor,FALSE,Rob Roy,,
30475,James Cromwell,1995,Golden Globes,Best Supporting Actor,FALSE,Babe,,
30102,Dianne Wiest,1995,Golden Globes,Best Supporting Actress,TRUE,Bullets Over Broadway,,
30476,Anjelica Huston,1995,Golden Globes,Best Supporting Actress,FALSE,The Crossing Guard,,
30477,Kathleen Quinlan,1995,Golden Globes,Best Supporting Actress,FALSE,Apollo 13,,
30478,Kyra Sedgwick,1995,Golden Globes,Best Supporting Actress,FALSE,Something to Talk About,,
30479,Mira Sorvino,1995,Golden Globes,Best Supporting Actress,FALSE,Mighty Aphrodite,,
30106,Lauren Bacall,1996,Golden Globes,Best Supporting Actress,TRUE,The Mirror Has Two Faces,,
30480,Joan Allen,1996,Golden Globes,Best Supporting Actress,FALSE,The Crucible,,
30481,Juliette Binoche,1996,Golden Globes,Best Supporting Actress,FALSE,The English Patient,,
30482,Barbara Hershey,1996,Golden Globes,Best Supporting Actress,FALSE,The Portrait of a Lady,,
30483,Marianne Jean-Baptiste,1996,Golden Globes,Best Supporting Actress,FALSE,Secrets & Lies,,
30108,Kim Basinger,1997,Golden Globes,Best Supporting Actress,TRUE,L.A. Confidential,,
30484,Joan Cusack,1997,Golden Globes,Best Supporting Actress,FALSE,In & Out,,
30485,Julianne Moore,1997,Golden Globes,Best Supporting Actress,FALSE,Boogie Nights,,
30486,Gloria Stuart,1997,Golden Globes,Best Supporting Actress,FALSE,Titanic,,
30487,Sigourney Weaver,1997,Golden Globes,Best Supporting Actress,FALSE,The Ice Storm,,
30110,Lynn Redgrave,1998,Golden Globes,Best Supporting Actress,TRUE,Gods and Monsters,,
30488,Kathy Bates,1998,Golden Globes,Best Supporting Actress,FALSE,Primary Colors,,
30489,Brenda Blethyn,1998,Golden Globes,Best Supporting Actress,FALSE,Little Voice,,
30490,Judi Dench,1998,Golden Globes,Best Supporting Actress,FALSE,Shakespeare in Love,,
30491,Rachel Griffiths,1998,Golden Globes,Best Supporting Actress,FALSE,Hilary and Jackie,,
30112,Angelina Jolie,1999,Golden Globes,Best Supporting Actress,TRUE,Girl, Interrupted,
30492,Cameron Diaz,1999,Golden Globes,Best Supporting Actress,FALSE,Being John Malkovich,,
30493,Catherine Keener,1999,Golden Globes,Best Supporting Actress,FALSE,Being John Malkovich,,
30494,Samantha Morton,1999,Golden Globes,Best Supporting Actress,FALSE,Sweet and Lowdown,,
30495,Natalie Portman,1999,Golden Globes,Best Supporting Actress,FALSE,Anywhere But Here,,
30470,Gig Young,1970,Golden Globes,Best Supporting Actor,TRUE,They Shoot Horses, Don't They?,
30523,Red Buttons,1970,Golden Globes,Best Supporting Actor,FALSE,They Shoot Horses, Don't They?,
3084,Jack Nicholson,1970,Golden Globes,Best Supporting Actor,FALSE,Easy Rider,,
30549,Anthony Quayle,1970,Golden Globes,Best Supporting Actor,FALSE,Anne of the Thousand Days,,
30469,Mitch Vogel,1970,Golden Globes,Best Supporting Actor,FALSE,The Reivers,,
30054,Goldie Hawn,1970,Golden Globes,Best Supporting Actress,TRUE,Cactus Flower,,
30780,Marianne McAndrew,1970,Golden Globes,Best Supporting Actress,FALSE,Hello, Dolly!,
30781,Siân Phillips,1970,Golden Globes,Best Supporting Actress,FALSE,Goodbye, Mr. Chips,
30437,Brenda Vaccaro,1970,Golden Globes,Best Supporting Actress,FALSE,Midnight Cowboy,,
30277,Susannah York,1970,Golden Globes,Best Supporting Actress,FALSE,They Shoot Horses, Don't They?,
30071,John Hurt,1978,Golden Globes,Best Supporting Actor,TRUE,Midnight Express,,
30782,Bruce Dern,1978,Golden Globes,Best Supporting Actor,FALSE,Coming Home,,
30783,Dudley Moore,1978,Golden Globes,Best Supporting Actor,FALSE,Foul Play,,
30073,Robert Duvall,1978,Golden Globes,Best Supporting Actor,FALSE,A Civil Action,,
30011,John Huston,1978,Golden Globes,Best Supporting Actor,FALSE,Minnie and Moskowitz,,
30072,Dyan Cannon,1978,Golden Globes,Best Supporting Actress,TRUE,Heaven Can Wait,,
30784,Carol Burnett,1978,Golden Globes,Best Supporting Actress,FALSE,A Wedding,,
30785,Maureen Stapleton,1978,Golden Globes,Best Supporting Actress,FALSE,Interiors,,
30074,Meryl Streep,1978,Golden Globes,Best Supporting Actress,FALSE,The Deer Hunter,,
30786,Mona Washbourne,1978,Golden Globes,Best Supporting Actress,FALSE,Stevie,,
30788,Katharine Ross,1977,Golden Globes,Best Supporting Actress,TRUE,Voyage of the Damned,,
30560,Lee Grant,1977,Golden Globes,Best Supporting Actress,FALSE,Voyage of the Damned,,
30789,Marthe Keller,1977,Golden Globes,Best Supporting Actress,FALSE,Marathon Man,,
30790,Piper Laurie,1977,Golden Globes,Best Supporting Actress,FALSE,Carrie,,
30791,Bernadette Peters,1977,Golden Globes,Best Supporting Actress,FALSE,Silent Movie,,
30060,Shelley Winters,1977,Golden Globes,Best Supporting Actress,FALSE,Next Stop, Greenwich Village,